{
  "src": ["jazz-set2.mp3"],
  "sprite": {
    "jazzBacktrack": [0, 87327.3469387755],
    "jazz1": [89000, 8803.265306122456],
    "jazz2": [99000, 8803.265306122456],
    "jazz3": [109000, 8803.265306122456],
    "jazz4": [119000, 8803.265306122456],
    "jazz5": [129000, 8803.265306122456],
    "jazz6": [139000, 8803.265306122456],
    "jazz7": [149000, 8803.265306122456],
    "jazz8": [159000, 8803.265306122456],
    "jazz9": [169000, 8803.265306122456],
    "jazz10": [179000, 8803.265306122456]
  }
}
