{
  "src": ["rock-set2.mp3"],
  "sprite": {
    "rockBacktrack": [0, 88946.9387755102],
    "rock1": [90000, 8960.000000000007],
    "rock2": [100000, 8960.000000000007],
    "rock3": [110000, 8960.000000000007],
    "rock4": [120000, 8960.000000000007],
    "rock5": [130000, 8960.000000000007],
    "rock6": [140000, 8960.000000000007],
    "rock7": [150000, 8960.000000000007],
    "rock8": [160000, 8960.000000000007],
    "rock9": [170000, 8960.000000000007],
    "rock10": [180000, 8960.000000000007]
  }
}
