{
  "src": ["classical-set2.mp3"],
  "sprite": {
    "classicalBacktrack": [0, 106736.32653061225],
    "classical1": [108000, 10736.326530612245],
    "classical2": [120000, 10736.326530612245],
    "classical3": [132000, 10736.326530612245],
    "classical4": [144000, 10736.326530612245],
    "classical5": [156000, 10736.326530612245],
    "classical6": [168000, 10736.326530612245],
    "classical7": [180000, 10736.326530612245],
    "classical8": [192000, 10736.326530612245],
    "classical9": [204000, 10736.326530612245],
    "classical10": [216000, 10736.326530612245]
  }
}
