{
  "src": ["ambient-set2.mp3"],
  "sprite": {
    "ambient4": [0, 10057.142857142857],
    "ambient5": [12000, 10057.142857142857],
    "ambient6": [24000, 10057.142857142857],
    "ambient7": [36000, 10057.142857142857],
    "ambient8": [48000, 10057.142857142857],
    "ambient9": [60000, 10057.14285714285],
    "ambient10": [72000, 10057.14285714285],
    "ambientBacktrack": [84000, 100075.10204081632],
    "ambient1": [186000, 10057.14285714285],
    "ambient2": [198000, 10057.14285714285],
    "ambient3": [210000, 10057.14285714285]
  }
}
