{
  "src": ["Alto.mp3"],
  "sprite": {
    "Alto_10": [0, 2873.4693877551017],
    "Alto_11": [4000, 2873.4693877551017],
    "Alto_12": [8000, 2873.469387755101],
    "Alto_13": [12000, 2873.469387755101],
    "Alto_14": [16000, 2873.469387755101],
    "Alto_15": [20000, 2873.469387755101],
    "Alto_16": [24000, 2873.469387755101],
    "Alto_1": [28000, 2873.469387755101],
    "Alto_2": [32000, 2873.469387755101],
    "Alto_3": [36000, 2873.469387755101],
    "Alto_4": [40000, 2873.469387755101],
    "Alto_5": [44000, 2873.469387755101],
    "Alto_6": [48000, 2873.469387755101],
    "Alto_7": [52000, 2873.469387755101],
    "Alto_8": [56000, 2873.469387755101],
    "Alto_9": [60000, 2873.469387755101]
  }
}
