{
  "src": ["dance-set1.mp3"],
  "sprite": {
    "trigger1": [0, 2873.4693877551017],
    "trigger2": [4000, 2873.4693877551017],
    "trigger3": [8000, 2873.469387755101],
    "trigger4": [12000, 2873.469387755101],
    "trigger5": [16000, 2873.469387755101],
    "trigger6": [20000, 2873.469387755101],
    "trigger7": [24000, 2873.469387755101],
    "trigger8": [28000, 2873.469387755101],
    "trigger9": [32000, 2873.469387755101],
    "trigger10": [36000, 2873.469387755101],
    "trigger11": [40000, 2873.469387755101],
    "trigger12": [44000, 2873.469387755101],
    "trigger13": [48000, 2873.469387755101],
    "trigger14": [52000, 2873.469387755101],
    "trigger15": [56000, 2873.469387755101],
    "trigger16": [60000, 2873.469387755101],
    "trigger17": [64000, 2873.469387755108],
    "trigger18": [68000, 2873.469387755108],
    "trigger19": [72000, 2873.469387755108],
    "trigger20": [76000, 2873.469387755108],
    "trigger21": [80000, 2873.469387755108],
    "trigger22": [84000, 2873.469387755108],
    "trigger23": [88000, 2873.469387755108],
    "trigger24": [92000, 2873.469387755108],
    "trigger25": [96000, 2873.469387755108],
    "trigger26": [100000, 2873.469387755108],
    "trigger27": [104000, 2873.469387755108],
    "trigger28": [108000, 2873.469387755108],
    "trigger29": [112000, 2873.469387755108],
    "trigger30": [116000, 2873.469387755108],
    "trigger31": [120000, 2873.469387755108],
    "trigger32": [124000, 2873.469387755108],
    "trigger33": [128000, 2873.469387755108],
    "trigger34": [132000, 2873.469387755108],
    "trigger35": [136000, 2873.469387755108],
    "trigger36": [140000, 2873.469387755108],
    "trigger37": [144000, 2873.469387755108],
    "trigger38": [148000, 2873.469387755108],
    "trigger39": [152000, 2873.469387755108],
    "trigger40": [156000, 2873.469387755108],
    "trigger41": [160000, 2873.469387755108],
    "trigger42": [164000, 2873.469387755108],
    "trigger43": [168000, 2873.469387755108],
    "trigger44": [172000, 2873.469387755108],
    "trigger45": [176000, 2873.469387755108],
    "trigger46": [180000, 2873.469387755108],
    "trigger47": [184000, 2873.469387755108],
    "trigger48": [188000, 2873.469387755108],
    "trigger49": [192000, 2873.469387755108],
    "trigger50": [196000, 2873.469387755108],
    "trigger51": [200000, 2873.469387755108],
    "trigger52": [204000, 2873.469387755108],
    "trigger53": [208000, 2873.469387755108],
    "trigger54": [212000, 2873.469387755108],
    "trigger55": [216000, 2873.469387755108],
    "trigger56": [220000, 2873.469387755108],
    "trigger57": [224000, 2873.469387755108],
    "trigger58": [228000, 2873.469387755108],
    "trigger59": [232000, 2873.469387755108],
    "trigger60": [236000, 2873.469387755108],
    "trigger61": [240000, 2873.469387755108],
    "trigger62": [244000, 2873.469387755108],
    "trigger63": [248000, 2873.469387755108],
    "trigger64": [252000, 2873.469387755108],
    "backtrack": [256000, 180062.04081632654]
  }
}
