{
  "src": ["Soprano.mp3"],
  "sprite": {
    "Soprano_10": [0, 2873.4693877551017],
    "Soprano_11": [4000, 2873.4693877551017],
    "Soprano_12": [8000, 2873.469387755101],
    "Soprano_13": [12000, 2873.469387755101],
    "Soprano_14": [16000, 2873.469387755101],
    "Soprano_15": [20000, 2873.469387755101],
    "Soprano_16": [24000, 2873.469387755101],
    "Soprano_1": [28000, 2873.469387755101],
    "Soprano_2": [32000, 2873.469387755101],
    "Soprano_3": [36000, 2873.469387755101],
    "Soprano_4": [40000, 2873.469387755101],
    "Soprano_5": [44000, 2873.469387755101],
    "Soprano_6": [48000, 2873.469387755101],
    "Soprano_7": [52000, 2873.469387755101],
    "Soprano_8": [56000, 2873.469387755101],
    "Soprano_9": [60000, 2873.469387755101]
  }
}
