{
  "src": ["Tenor.mp3"],
  "sprite": {
    "Tenor_10": [0, 2873.4693877551017],
    "Tenor_11": [4000, 2873.4693877551017],
    "Tenor_12": [8000, 2873.469387755101],
    "Tenor_13": [12000, 2873.469387755101],
    "Tenor_14": [16000, 2873.469387755101],
    "Tenor_15": [20000, 2873.469387755101],
    "Tenor_16": [24000, 2873.469387755101],
    "Tenor_1": [28000, 2873.469387755101],
    "Tenor_2": [32000, 2873.469387755101],
    "Tenor_3": [36000, 2873.469387755101],
    "Tenor_4": [40000, 2873.469387755101],
    "Tenor_5": [44000, 2873.469387755101],
    "Tenor_6": [48000, 2873.469387755101],
    "Tenor_7": [52000, 2873.469387755101],
    "Tenor_8": [56000, 2873.469387755101],
    "Tenor_9": [60000, 2873.469387755101]
  }
}
