{
  "src": ["jazz-set1.mp3"],
  "sprite": {
    "jazzBacktrack": [0, 65567.34693877552],
    "jazz1": [67000, 8071.836734693875],
    "jazz2": [77000, 8071.836734693875],
    "jazz3": [87000, 8071.836734693875],
    "jazz4": [97000, 8071.836734693875],
    "jazz5": [107000, 8071.836734693875],
    "jazz6": [117000, 8071.836734693875],
    "jazz7": [127000, 8071.836734693875],
    "jazz8": [137000, 8071.836734693875],
    "jazz9": [147000, 8071.836734693875]
  }
}
