{
  "src": ["Bass.mp3"],
  "sprite": {
    "Bass_10": [0, 2873.4693877551017],
    "Bass_11": [4000, 2873.4693877551017],
    "Bass_12": [8000, 2873.469387755101],
    "Bass_13": [12000, 2873.469387755101],
    "Bass_14": [16000, 2873.469387755101],
    "Bass_15": [20000, 2873.469387755101],
    "Bass_16": [24000, 2873.469387755101],
    "Bass_1": [28000, 2873.469387755101],
    "Bass_2": [32000, 2873.469387755101],
    "Bass_3": [36000, 2873.469387755101],
    "Bass_4": [40000, 2873.469387755101],
    "Bass_5": [44000, 2873.469387755101],
    "Bass_6": [48000, 2873.469387755101],
    "Bass_7": [52000, 2873.469387755101],
    "Bass_8": [56000, 2873.469387755101],
    "Bass_9": [60000, 2873.469387755101]
  }
}
