{
  "urls": [
    "ambientSprite.mp3"
  ],
  "sprite": {
    "ambient 1": [
      0,
      6295.510204081633
    ],
    "ambient 2": [
      8000,
      6295.510204081634
    ],
    "ambient 3": [
      16000,
      6295.510204081634
    ],
    "ambient 4": [
      24000,
      6295.510204081634
    ],
    "ambient 5": [
      32000,
      6295.51020408163
    ],
    "ambient 6": [
      40000,
      6295.51020408163
    ],
    "ambient 7": [
      48000,
      6295.51020408163
    ],
    "ambient 8": [
      56000,
      6295.51020408163
    ],
    "ambient 9": [
      64000,
      6295.510204081637
    ],
    "ambient 10": [
      72000,
      6295.510204081637
    ],
    "ambient 11": [
      80000,
      6295.510204081637
    ],
    "ambient 12": [
      88000,
      6295.510204081637
    ],
    "ambient 13": [
      96000,
      6295.510204081637
    ],
    "ambient 14": [
      104000,
      6295.510204081637
    ],
    "ambient 15": [
      112000,
      6295.510204081637
    ],
    "ambient 16": [
      120000,
      11284.897959183667
    ]
  }
}