{
  "urls": ["rockSprite.mp3"],
  "sprite": {
    "rock1": [0, 3186.9387755102043],
    "rock2": [5000, 3186.9387755102034],
    "rock3": [10000, 3186.9387755102034],
    "rock4": [15000, 3186.9387755102034],
    "rock5": [20000, 3186.9387755102034],
    "rock6": [25000, 3186.9387755102034],
    "rock7": [30000, 3186.9387755102066],
    "rock8": [35000, 3186.9387755102066],
    "rock9": [40000, 3186.9387755102066],
    "rock10": [45000, 3186.9387755102066],
    "rock11": [50000, 3186.9387755102066],
    "rock12": [55000, 3186.9387755102066],
    "rock13": [60000, 3186.9387755102066],
    "rock14": [65000, 3186.9387755102],
    "rock15": [70000, 3186.9387755102],
    "rock16": [75000, 3186.9387755102],
    "backtrack": [80000, 56137.14285714286]
  }
}
