{
  "src": ["DanceError.mp3"],
  "sprite": {
    "error1": [0, 2142.0408163265306],
    "error2": [4000, 2142.0408163265306],
    "error3": [8000, 2142.0408163265315]
  }
}
