{
  "src": [
    "./chordsSprite.mp3"
  ],
  "sprite": {
    "Chord 1": [
      0,
      8071.8367346938785
    ],
    "Chord 2": [
      10000,
      8071.8367346938785
    ],
    "Chord 3": [
      20000,
      8071.8367346938785
    ],
    "Chord 4": [
      30000,
      8071.836734693875
    ],
    "Chord 5": [
      40000,
      8071.836734693875
    ],
    "Chord 6": [
      50000,
      8071.836734693875
    ],
    "Chord 7": [
      60000,
      8071.836734693875
    ],
    "Chord 8": [
      70000,
      8071.836734693875
    ],
    "Chord 9": [
      80000,
      8071.836734693875
    ]
  }
}