{
  "src": [
    "./drumsSprite.mp3"
  ],
  "sprite": {
    "Constant Drum Part": [
      0,
      65567.34693877552
    ],
    "Ending Drum Part": [
      67000,
      4257.9591836734635
    ],
    "Inactivity Drum Part": [
      73000,
      8071.836734693875
    ],
    "Success Drum Sound": [
      83000,
      574.6938775510273
    ]
  }
}