{
  "src": ["ambientError.mp3"],
  "sprite": {
    "error1": [0, 2899.591836734694],
    "error2": [4000, 2899.591836734694],
    "error3": [8000, 2899.591836734693],
    "error4": [12000, 2899.591836734693]
  }
}
