{
  "src": ["classicalError.mp3"],
  "sprite": {
    "error1": [0, 2873.4693877551017],
    "error2": [4000, 2873.4693877551017],
    "error3": [8000, 2873.469387755101]
  }
}
