{
  "src": ["four/triggers.mp3"],
  "sprite": {
    "variation10_1": [0, 3186.9387755102043],
    "variation10_2": [5000, 1619.5918367346937],
    "variation10_3": [8000, 1619.5918367346937],
    "variation10_4": [11000, 1619.5918367346937],
    "variation10_5": [14000, 4728.163265306122],
    "variation11_1": [20000, 3186.9387755102034],
    "variation11_2": [25000, 1619.5918367346956],
    "variation11_3": [28000, 1619.5918367346956],
    "variation11_4": [31000, 1619.591836734692],
    "variation11_5": [34000, 4728.163265306122],
    "variation1_1": [40000, 3186.9387755102066],
    "variation12_1": [45000, 4728.163265306122],
    "variation12_2": [51000, 1619.591836734692],
    "variation12_3": [54000, 1619.591836734692],
    "variation12_4": [57000, 1619.591836734692],
    "variation12_5": [60000, 4728.163265306122],
    "variation1_2": [66000, 1619.591836734699],
    "variation13_1": [69000, 4728.163265306122],
    "variation13_2": [75000, 1619.591836734699],
    "variation13_3": [78000, 1619.591836734699],
    "variation13_4": [81000, 3186.9387755102],
    "variation1_3": [86000, 1619.591836734699],
    "variation14_1": [89000, 3186.9387755102],
    "variation14_2": [94000, 1619.591836734699],
    "variation14_3": [97000, 1619.591836734699],
    "variation14_4": [100000, 3186.9387755102],
    "variation1_4": [105000, 3186.9387755102],
    "variation15_1": [110000, 3186.9387755102],
    "variation15_2": [115000, 1619.591836734699],
    "variation15_3": [118000, 1619.591836734699],
    "variation16_1": [121000, 3186.9387755102],
    "variation16_2": [126000, 1619.591836734699],
    "variation16_3": [129000, 3186.938775510214],
    "variation17_1": [134000, 3186.938775510214],
    "variation17_2": [139000, 1619.5918367346849],
    "variation17_3": [142000, 3186.938775510214],
    "variation18_1": [147000, 3186.938775510214],
    "variation18_2": [152000, 1619.5918367346849],
    "variation18_3": [155000, 4728.163265306137],
    "variation19_1": [161000, 3186.938775510214],
    "variation19_2": [166000, 1619.5918367346849],
    "variation19_3": [169000, 1619.5918367346849],
    "variation19_4": [172000, 3186.938775510214],
    "variation20_1": [177000, 3186.938775510214],
    "variation20_2": [182000, 1619.5918367346849],
    "variation20_3": [185000, 1619.5918367346849],
    "variation20_4": [188000, 3186.938775510214],
    "variation21_1": [193000, 3186.938775510214],
    "variation21_2": [198000, 1619.5918367346849],
    "variation21_3": [201000, 1619.5918367346849],
    "variation21_4": [204000, 3970.61224489795],
    "variation2_1": [209000, 3186.938775510214],
    "variation2_2": [214000, 1619.5918367346849],
    "variation2_3": [217000, 1619.5918367346849],
    "variation2_4": [220000, 3186.938775510214],
    "variation3_1": [225000, 3186.938775510214],
    "variation3_2": [230000, 1619.5918367346849],
    "variation3_3": [233000, 1619.5918367346849],
    "variation4_1": [236000, 3186.938775510214],
    "variation4_2": [241000, 1619.5918367346849],
    "variation4_3": [244000, 3186.938775510214],
    "variation5_1": [249000, 3186.938775510214],
    "variation5_2": [254000, 1619.5918367346849],
    "variation5_3": [257000, 3186.938775510214],
    "variation6_1": [262000, 3186.938775510214],
    "variation6_2": [267000, 1619.5918367346849],
    "variation6_3": [270000, 4728.163265306137],
    "variation7_1": [276000, 3186.938775510214],
    "variation7_2": [281000, 1619.5918367346849],
    "variation7_3": [284000, 1619.5918367346849],
    "variation7_4": [287000, 1619.5918367346849],
    "variation7_5": [290000, 3186.938775510214],
    "variation8_1": [295000, 3186.938775510214],
    "variation8_2": [300000, 1619.5918367346849],
    "variation8_3": [303000, 1619.5918367346849],
    "variation8_4": [306000, 1619.5918367346849],
    "variation8_5": [309000, 4728.163265306137],
    "variation9_1": [315000, 3186.938775510214],
    "variation9_2": [320000, 1619.5918367346849],
    "variation9_3": [323000, 1619.5918367346849],
    "variation9_4": [326000, 1619.5918367346849],
    "variation9_5": [329000, 4728.163265306137]
  }
}
