{
  "urls": ["Alto.mp3"],
  "sprite": {
    "Alto_1": [0, 6048.004535147392],
    "Alto_2": [8000, 6048.004535147392],
    "Alto_3": [16000, 6048.004535147392],
    "Alto_4": [24000, 6048.004535147392],
    "Alto_5": [32000, 6048.004535147392],
    "Alto_6": [40000, 6048.004535147392],
    "Alto_7": [48000, 6048.004535147392],
    "Alto_8": [56000, 6048.004535147392],
    "Alto_9": [64000, 6048.004535147385],
    "Alto_10": [72000, 6048.004535147385],
    "Alto_11": [80000, 6048.004535147385],
    "Alto_12": [88000, 6048.004535147385],
    "Alto_13": [96000, 6048.004535147385],
    "Alto_14": [104000, 6048.004535147385],
    "Alto_15": [112000, 6048.004535147385],
    "Alto_16": [120000, 6048.004535147385],
    "Alto_17": [128000, 12048.004535147385]
  }
}
