{
  "src": ["ambient-set1.mp3"],
  "sprite": {
    "trigger10": [0, 2873.4693877551017],
    "trigger11": [4000, 2873.4693877551017],
    "trigger12": [8000, 2873.469387755101],
    "trigger13": [12000, 2873.469387755101],
    "trigger14": [16000, 2873.469387755101],
    "trigger15": [20000, 2873.469387755101],
    "trigger16": [24000, 2873.469387755101],
    "trigger17": [28000, 2873.469387755101],
    "trigger18": [32000, 2873.469387755101],
    "trigger19": [36000, 2873.469387755101],
    "trigger1": [40000, 2873.469387755101],
    "trigger20": [44000, 2873.469387755101],
    "trigger21": [48000, 2873.469387755101],
    "trigger22": [52000, 2873.469387755101],
    "trigger23": [56000, 2873.469387755101],
    "trigger24": [60000, 2873.469387755101],
    "trigger25": [64000, 2873.469387755108],
    "trigger26": [68000, 2873.469387755108],
    "trigger27": [72000, 2873.469387755108],
    "trigger28": [76000, 2873.469387755108],
    "trigger29": [80000, 2873.469387755108],
    "trigger2": [84000, 2873.469387755108],
    "trigger30": [88000, 2873.469387755108],
    "trigger31": [92000, 2873.469387755108],
    "trigger32": [96000, 2873.469387755108],
    "trigger33": [100000, 2873.469387755108],
    "trigger34": [104000, 2873.469387755108],
    "trigger35": [108000, 2873.469387755108],
    "trigger36": [112000, 2873.469387755108],
    "trigger37": [116000, 2873.469387755108],
    "trigger38": [120000, 2873.469387755108],
    "trigger39": [124000, 2873.469387755108],
    "trigger3": [128000, 2873.469387755108],
    "trigger40": [132000, 2873.469387755108],
    "trigger41": [136000, 2873.469387755108],
    "trigger42": [140000, 2873.469387755108],
    "trigger43": [144000, 2873.469387755108],
    "trigger44": [148000, 2873.469387755108],
    "trigger45": [152000, 2873.469387755108],
    "trigger46": [156000, 2873.469387755108],
    "trigger47": [160000, 2873.469387755108],
    "trigger48": [164000, 2873.469387755108],
    "trigger49": [168000, 2873.469387755108],
    "trigger4": [172000, 2873.469387755108],
    "trigger50": [176000, 2873.469387755108],
    "trigger51": [180000, 2873.469387755108],
    "trigger52": [184000, 2873.469387755108],
    "trigger53": [188000, 2873.469387755108],
    "trigger54": [192000, 2873.469387755108],
    "trigger55": [196000, 2873.469387755108],
    "trigger56": [200000, 2873.469387755108],
    "trigger57": [204000, 2873.469387755108],
    "trigger58": [208000, 2873.469387755108],
    "trigger59": [212000, 2873.469387755108],
    "trigger5": [216000, 2873.469387755108],
    "trigger60": [220000, 2873.469387755108],
    "trigger61": [224000, 2873.469387755108],
    "trigger62": [228000, 2873.469387755108],
    "trigger63": [232000, 2873.469387755108],
    "trigger64": [236000, 2873.469387755108],
    "trigger6": [240000, 2873.469387755108],
    "trigger7": [244000, 2873.469387755108],
    "trigger8": [248000, 2873.469387755108],
    "trigger9": [252000, 2873.469387755108],
    "backtrack": [256000, 180062.04081632654, true]
  }
}
