{
  "urls": ["beatBoxer.mp3"],
  "sprite": {
    "note_1": [0, 2880],
    "note_2": [4000, 3072.018140589569],
    "note_3": [9000, 2495.986394557823],
    "note_4": [13000, 2135.9863945578236],
    "note_5": [17000, 2304.013605442176],
    "note_6": [21000, 1944.0136054421764],
    "note_7": [24000, 2688.0045351473923],
    "note_8": [28000, 2304.013605442176],
    "note_9": [32000, 2304.013605442179],
    "note_10": [36000, 2495.986394557825],
    "note_11": [40000, 2495.986394557825],
    "note_12": [44000, 1944.01360544218],
    "note_13": [47000, 1752.0181405895698],
    "note_14": [50000, 1560.0000000000023],
    "note_15": [53000, 1560.0000000000023],
    "note_16": [56000, 1008.0045351473927],
    "note_17": [59000, 1560.0000000000023],
    "note_18": [62000, 1752.0181405895698],
    "note_19": [65000, 1368.0045351473923],
    "note_20": [68000, 1368.0045351473923],
    "note_21": [71000, 1368.0045351473923],
    "note_22": [74000, 1079.9999999999982],
    "note_23": [77000, 1008.0045351473927],
    "note_24": [80000, 2304.013605442179],
    "note_25": [84000, 1368.0045351473923],
    "note_26": [87000, 1368.0045351473923],
    "note_27": [90000, 1944.01360544218],
    "note_28": [93000, 2304.013605442179],
    "note_29": [97000, 1752.0181405895698],
    "note_30": [100000, 1560.0000000000023],
    "note_31": [103000, 2112.018140589569],
    "note_32": [107000, 1560.0000000000023],
    "note_33": [110000, 1368.0045351473923],
    "note_34": [113000, 1560.0000000000023],
    "note_35": [116000, 1560.0000000000023],
    "note_36": [119000, 1368.0045351473923],
    "note_37": [122000, 1560.0000000000023],
    "note_38": [125000, 1752.0181405895698],
    "note_39": [128000, 1560.0000000000023],
    "note_40": [131000, 1752.0181405895698],
    "note_41": [134000, 2112.018140589555],
    "note_42": [138000, 1944.0136054421657],
    "note_43": [141000, 1008.0045351473927],
    "note_44": [144000, 2304.013605442179],
    "note_45": [148000, 2688.0045351473996],
    "note_46": [152000, 1752.0181405895698],
    "note_47": [155000, 1368.0045351474064],
    "note_48": [158000, 3815.9863945578254],
    "note_49": [163000, 2112.018140589555],
    "note_50": [167000, 1752.0181405895698],
    "note_51": [170000, 3048.0045351473846],
    "note_52": [175000, 1752.0181405895698],
    "note_53": [178000, 2495.9863945578318],
    "note_54": [182000, 1560.0000000000023],
    "note_55": [185000, 1944.0136054421657],
    "note_56": [188000, 2304.013605442179],
    "note_57": [192000, 2495.9863945578318],
    "note_58": [196000, 2495.9863945578318],
    "note_59": [200000, 3624.013605442173],
    "note_60": [205000, 2495.9863945578318],
    "note_61": [209000, 2304.013605442179],
    "note_62": [213000, 2304.013605442179],
    "note_63": [217000, 2304.013605442179],
    "note_64": [221000, 1752.0181405895698],
    "note_65": [224000, 1752.0181405895698],
    "note_66": [227000, 2304.013605442179],
    "note_67": [231000, 2495.9863945578318],
    "note_68": [235000, 1944.0136054421657],
    "note_69": [238000, 4560.000000000002],
    "note_70": [244000, 2784.013605442169],
    "note_71": [248000, 1752.0181405895698],
    "note_72": [251000, 2304.013605442179],
    "note_73": [255000, 2639.9999999999864],
    "note_74": [259000, 2688.0045351473996],
    "note_75": [263000, 2112.018140589555],
    "note_76": [267000, 3048.004535147413],
    "note_77": [272000, 3048.004535147413],
    "note_78": [277000, 3815.9863945577968],
    "note_79": [282000, 2399.9999999999773],
    "note_80": [286000, 1752.0181405895414],
    "note_81": [289000, 2304.013605442151],
    "note_82": [293000, 2040.0000000000205],
    "note_83": [297000, 1944.0136054421941],
    "note_84": [300000, 1944.0136054421941],
    "note_85": [303000, 1368.0045351474064],
    "note_86": [306000, 2688.0045351473996],
    "note_87": [310000, 2495.9863945578036],
    "note_88": [314000, 2975.9863945578218],
    "note_89": [318000, 1944.0136054421941],
    "note_90": [321000, 2688.0045351473996],
    "note_91": [325000, 3744.0136054421487],
    "note_92": [330000, 2112.018140589555],
    "note_93": [334000, 1944.0136054421941],
    "note_94": [337000, 1368.0045351474064],
    "note_95": [340000, 2304.013605442151],
    "note_96": [344000, 1752.0181405895414],
    "note_97": [347000, 1368.0045351474064],
    "note_98": [350000, 1752.0181405895414],
    "note_99": [353000, 2040.0000000000205],
    "note_100": [357000, 2975.9863945578218],
    "note_101": [361000, 2879.9999999999955],
    "note_102": [365000, 4655.986394557829],
    "note_103": [371000, 2879.9999999999955],
    "note_104": [375000, 3432.0181405895482],
    "note_105": [380000, 3432.0181405895482],
    "note_106": [385000, 2879.9999999999955],
    "note_107": [389000, 1944.0136054421941],
    "note_108": [392000, 2495.9863945578036],
    "note_109": [396000, 1752.0181405895414],
    "note_110": [399000, 2304.013605442151],
    "note_111": [403000, 2304.013605442151],
    "note_112": [407000, 2112.018140589555],
    "note_113": [411000, 2304.013605442151],
    "note_114": [415000, 2112.018140589555],
    "note_115": [419000, 1368.0045351474064],
    "note_116": [422000, 2688.0045351473996],
    "note_117": [426000, 3432.0181405895482],
    "note_118": [431000, 3240.000000000009],
    "note_119": [436000, 2688.0045351473996],
    "note_120": [440000, 1752.0181405895414],
    "note_121": [443000, 2879.9999999999955],
    "note_122": [447000, 1752.0181405895414],
    "note_123": [450000, 2304.013605442151],
    "note_124": [454000, 2112.018140589555],
    "note_125": [458000, 2304.013605442151],
    "note_126": [462000, 2304.013605442151],
    "note_127": [466000, 2304.013605442151],
    "note_128": [470000, 1560.0000000000023],
    "note_129": [473000, 3048.004535147413],
    "note_130": [478000, 2495.9863945578036],
    "note_131": [482000, 3432.0181405895482],
    "note_132": [487000, 2688.0045351473996],
    "note_133": [491000, 1944.0136054421941],
    "note_134": [494000, 2688.0045351473996],
    "note_135": [498000, 1752.0181405895414],
    "note_136": [501000, 2112.018140589555],
    "note_137": [505000, 2304.013605442151],
    "note_138": [509000, 2304.013605442151],
    "note_139": [513000, 2112.018140589612],
    "note_140": [517000, 1944.0136054421373],
    "note_141": [520000, 1559.9999999999454],
    "note_142": [523000, 1944.0136054421373],
    "note_143": [526000, 1944.0136054421373],
    "note_144": [529000, 1368.0045351474064],
    "note_145": [532000, 2879.9999999999955],
    "note_146": [536000, 2495.9863945578036],
    "note_147": [540000, 4559.999999999945],
    "note_148": [546000, 3240.000000000009]
  }
}
