{
  "urls": [
    "classicalSprite.mp3"
  ],
  "sprite": {
    "set1rep1": [
      0,
      8960
    ],
    "set1rep2": [
      10000,
      8960
    ],
    "set1rep3": [
      20000,
      8960
    ],
    "set1rep4": [
      30000,
      8960
    ],
    "set1rep5": [
      40000,
      8960
    ],
    "set1rep6": [
      50000,
      8960
    ],
    "set2rep2": [
      60000,
      8960.000000000007
    ],
    "set2rep3": [
      70000,
      8960.000000000007
    ],
    "set2rep4": [
      80000,
      8960.000000000007
    ],
    "set2rep5": [
      90000,
      8960.000000000007
    ],
    "set2rep6": [
      100000,
      8960.000000000007
    ],
    "set2rep1": [
      110000,
      8960.000000000007
    ],
    "set3rep7": [
      120000,
      8960.000000000007
    ],
    "set3rep1": [
      130000,
      8960.000000000007
    ],
    "set3rep2": [
      140000,
      8960.000000000007
    ],
    "set3rep3": [
      150000,
      8960.000000000007
    ],
    "set3rep4": [
      160000,
      8960.000000000007
    ],
    "set3rep5": [
      170000,
      8960.000000000007
    ],
    "set3rep6": [
      180000,
      8960.000000000007
    ],
    "backtrack set1": [
      190000,
      62275.918367346945
    ],
    "backtrack set2": [
      254000,
      53394.28571428573
    ],
    "backtrack set3": [
      309000,
      62275.918367346945
    ]
  }
}