{
  "urls": [
    "classicalSprite.mp3"
  ],
  "sprite": {
    "backtrack set3": [
      0,
      62275.91836734694
    ],
    "backtrack set1": [
      64000,
      62275.918367346945
    ],
    "backtrack set2": [
      128000,
      53394.28571428573
    ],
    "set1rep1": [
      183000,
      4519.183673469399
    ],
    "set1rep2": [
      189000,
      4519.183673469399
    ],
    "set1rep3": [
      195000,
      4519.183673469399
    ],
    "set1rep4": [
      201000,
      4519.183673469399
    ],
    "set1rep5": [
      207000,
      4519.183673469399
    ],
    "set1rep6": [
      213000,
      4519.183673469399
    ],
    "set1rep7": [
      219000,
      4519.183673469399
    ],
    "set1rep8": [
      225000,
      4519.183673469399
    ],
    "set1rep9": [
      231000,
      4519.183673469399
    ],
    "set1rep10": [
      237000,
      4519.183673469399
    ],
    "set1rep11": [
      243000,
      4519.183673469399
    ],
    "set1rep12": [
      249000,
      4519.183673469399
    ],
    "set2rep1": [
      255000,
      4519.183673469399
    ],
    "set2rep2": [
      261000,
      4519.183673469399
    ],
    "set2rep3": [
      267000,
      4519.183673469399
    ],
    "set2rep4": [
      273000,
      4519.183673469399
    ],
    "set2rep5": [
      279000,
      4519.183673469399
    ],
    "set2rep6": [
      285000,
      4519.183673469399
    ],
    "set2rep7": [
      291000,
      4519.183673469399
    ],
    "set2rep8": [
      297000,
      4519.183673469399
    ],
    "set2rep9": [
      303000,
      4519.183673469399
    ],
    "set2rep10": [
      309000,
      4519.183673469399
    ],
    "set2rep11": [
      315000,
      4519.183673469399
    ],
    "set2rep12": [
      321000,
      4519.183673469399
    ],
    "set3rep10": [
      327000,
      4519.183673469399
    ],
    "set3rep11": [
      333000,
      4519.183673469399
    ],
    "set3rep12": [
      339000,
      4519.183673469399
    ],
    "set3rep13": [
      345000,
      4519.183673469399
    ],
    "set3rep14": [
      351000,
      4519.183673469399
    ],
    "set3rep1": [
      357000,
      4519.183673469399
    ],
    "set3rep2": [
      363000,
      4519.183673469399
    ],
    "set3rep3": [
      369000,
      4519.183673469399
    ],
    "set3rep4": [
      375000,
      4519.183673469399
    ],
    "set3rep5": [
      381000,
      4519.183673469399
    ],
    "set3rep6": [
      387000,
      4519.183673469399
    ],
    "set3rep7": [
      393000,
      4519.183673469399
    ],
    "set3rep8": [
      399000,
      4519.183673469399
    ],
    "set3rep9": [
      405000,
      4519.183673469399
    ]
  }
}