{
  "src": ["errorTriggers.mp3"],
  "sprite": {
    "trigger1": [0, 1525.7596371882084],
    "trigger2": [3000, 1581.2471655328802],
    "trigger3": [6000, 1525.7596371882087],
    "trigger4": [9000, 1733.8095238095245],
    "trigger5": [12000, 1678.3219954648523]
  }
}
