{
  "src": ["successTriggers.mp3"],
  "sprite": {
    "trigger1": [0, 715.1020408163265],
    "trigger2": [2000, 656.5532879818594],
    "trigger3": [4000, 606.3718820861678],
    "trigger4": [6000, 585.2834467120181]
  }
}
