{
  "src": ["successTriggers.mp3"],
  "sprite": {
    "trigger10": [0, 3082.4489795918366],
    "trigger11": [5000, 3056.3265306122444],
    "trigger12": [10000, 3134.6938775510207],
    "trigger13": [15000, 862.0408163265303],
    "trigger14": [17000, 783.6734693877538],
    "trigger15": [19000, 1828.5714285714291],
    "trigger16": [22000, 1776.3265306122448],
    "trigger17": [25000, 1776.3265306122448],
    "trigger18": [28000, 1697.9591836734685],
    "trigger19": [31000, 1750.2040816326528],
    "trigger1": [34000, 2507.755102040818],
    "trigger20": [38000, 1541.2244897959156],
    "trigger21": [41000, 2246.5306122448965],
    "trigger22": [45000, 2142.040816326528],
    "trigger23": [49000, 2115.9183673469356],
    "trigger24": [53000, 2089.795918367344],
    "trigger25": [57000, 2560.0000000000023],
    "trigger26": [61000, 2298.775510204081],
    "trigger2": [65000, 2507.755102040818],
    "trigger3": [69000, 2455.5102040816337],
    "trigger4": [73000, 2768.9795918367395],
    "trigger5": [77000, 2324.897959183673],
    "trigger6": [81000, 2507.755102040818],
    "trigger7": [85000, 2586.1224489795945],
    "trigger8": [89000, 3056.326530612239],
    "trigger9": [94000, 3056.326530612239]
  }
}
