{
  "urls": ["Bass.mp3"],
  "sprite": {
    "Bass_1": [0, 6048.004535147392],
    "Bass_2": [8000, 6048.004535147392],
    "Bass_3": [16000, 6048.004535147392],
    "Bass_4": [24000, 6048.004535147392],
    "Bass_5": [32000, 6048.004535147392],
    "Bass_6": [40000, 6048.004535147392],
    "Bass_7": [48000, 6048.004535147392],
    "Bass_8": [56000, 6048.004535147392],
    "Bass_9": [64000, 6048.004535147385],
    "Bass_10": [72000, 6048.004535147385],
    "Bass_11": [80000, 6048.004535147385],
    "Bass_12": [88000, 6048.004535147385],
    "Bass_13": [96000, 6048.004535147385],
    "Bass_14": [104000, 6048.004535147385],
    "Bass_15": [112000, 6048.004535147385],
    "Bass_16": [120000, 6048.004535147385],
    "Bass_17": [128000, 12048.004535147385]
  }
}
