{
  "urls": ["Soprano.mp3"],
  "sprite": {
    "Soprano_1": [0, 6048.004535147392],
    "Soprano_2": [8000, 6048.004535147392],
    "Soprano_3": [16000, 6048.004535147392],
    "Soprano_4": [24000, 6048.004535147392],
    "Soprano_5": [32000, 6048.004535147392],
    "Soprano_6": [40000, 6048.004535147392],
    "Soprano_7": [48000, 6048.004535147392],
    "Soprano_8": [56000, 6048.004535147392],
    "Soprano_9": [64000, 6048.004535147385],
    "Soprano_10": [72000, 6048.004535147385],
    "Soprano_11": [80000, 6048.004535147385],
    "Soprano_12": [88000, 6048.004535147385],
    "Soprano_13": [96000, 6048.004535147385],
    "Soprano_14": [104000, 6048.004535147385],
    "Soprano_15": [112000, 6048.004535147385],
    "Soprano_16": [120000, 6048.004535147385],
    "Soprano_17": [128000, 12048.004535147385]
  }
}
