{
  "urls": ["Tenor.mp3"],
  "sprite": {
    "Tenor_1": [0, 6048.004535147392],
    "Tenor_2": [8000, 6048.004535147392],
    "Tenor_3": [16000, 6048.004535147392],
    "Tenor_4": [24000, 6048.004535147392],
    "Tenor_5": [32000, 6048.004535147392],
    "Tenor_6": [40000, 6048.004535147392],
    "Tenor_7": [48000, 6048.004535147392],
    "Tenor_8": [56000, 5952.018140589573],
    "Tenor_9": [63000, 6048.004535147385],
    "Tenor_10": [71000, 6048.004535147385],
    "Tenor_11": [79000, 6048.004535147385],
    "Tenor_12": [87000, 6048.004535147385],
    "Tenor_13": [95000, 6048.004535147385],
    "Tenor_14": [103000, 6048.004535147385],
    "Tenor_15": [111000, 6048.004535147385],
    "Tenor_16": [119000, 6048.004535147385],
    "Tenor_17": [127000, 12048.004535147385]
  }
}
