{
  "src": ["dance-set2.mp3"],
  "sprite": {
    "danceBacktrack": [0, 80065.30612244898],
    "dance1": [82000, 8071.836734693875],
    "dance2": [92000, 8071.836734693875],
    "dance3": [102000, 8071.836734693875],
    "dance4": [112000, 8071.836734693875],
    "dance5": [122000, 8071.836734693875],
    "dance6": [132000, 8071.836734693875],
    "dance7": [142000, 8071.836734693875],
    "dance8": [152000, 8071.836734693875],
    "dance9": [162000, 8071.836734693875],
    "dance10": [172000, 8071.836734693875]
  }
}
