{
  "urls": [
    "danceSprite.mp3"
  ],
  "sprite": {
    "trigger1": [
      0,
      3448.1632653061224
    ],
    "trigger2": [
      5000,
      3448.163265306123
    ],
    "trigger3": [
      10000,
      3448.163265306123
    ],
    "trigger4": [
      15000,
      3448.163265306121
    ],
    "trigger5": [
      20000,
      3448.163265306121
    ],
    "trigger6": [
      25000,
      3448.163265306121
    ],
    "trigger7": [
      30000,
      3448.163265306121
    ],
    "trigger8": [
      35000,
      3448.163265306121
    ],
    "trigger9": [
      40000,
      3448.163265306121
    ],
    "trigger10": [
      45000,
      3448.163265306121
    ],
    "trigger11": [
      50000,
      3448.163265306121
    ],
    "trigger12": [
      55000,
      3448.163265306121
    ],
    "trigger13": [
      60000,
      3448.163265306121
    ],
    "trigger14": [
      65000,
      3448.163265306121
    ],
    "trigger15": [
      70000,
      3448.163265306121
    ],
    "trigger16": [
      75000,
      3448.163265306121
    ],
    "trigger17": [
      80000,
      3448.163265306121
    ],
    "trigger18": [
      85000,
      3448.163265306121
    ],
    "trigger19": [
      90000,
      3448.163265306121
    ],
    "trigger20": [
      95000,
      3448.163265306121
    ],
    "trigger21": [
      100000,
      3448.163265306121
    ],
    "trigger22": [
      105000,
      3448.163265306121
    ],
    "trigger23": [
      110000,
      3448.163265306121
    ],
    "trigger24": [
      115000,
      3448.163265306121
    ],
    "trigger25": [
      120000,
      3448.163265306121
    ],
    "trigger26": [
      125000,
      3448.163265306135
    ],
    "trigger27": [
      130000,
      3448.163265306135
    ],
    "trigger28": [
      135000,
      3448.163265306135
    ],
    "trigger29": [
      140000,
      3448.163265306135
    ],
    "trigger30": [
      145000,
      3448.163265306135
    ],
    "trigger31": [
      150000,
      3448.163265306135
    ],
    "trigger32": [
      155000,
      3448.163265306135
    ],
    "backtrack": [
      160000,
      108225.30612244895
    ]
  }
}