{
  "src": ["classical-set1.mp3"],
  "sprite": {
    "set1classical10": [0, 4519.183673469388],
    "set1classical11": [6000, 4519.183673469389],
    "set1classical12": [12000, 4519.183673469389],
    "set2classical1": [18000, 4519.183673469389],
    "set2classical2": [24000, 4519.183673469389],
    "set2classical3": [30000, 4519.183673469385],
    "set2classical4": [36000, 4519.183673469385],
    "set2classical5": [42000, 4519.183673469385],
    "set2classical6": [48000, 4519.183673469385],
    "set2classical7": [54000, 4519.183673469385],
    "set2classical8": [60000, 4519.183673469385],
    "set2classical9": [66000, 4519.183673469385],
    "set2classical10": [72000, 4519.183673469385],
    "set2classical11": [78000, 4519.183673469385],
    "set2classical12": [84000, 4519.183673469385],
    "set3classical1": [90000, 4519.183673469385],
    "set3classical2": [96000, 4519.183673469385],
    "set3classical3": [102000, 4519.183673469385],
    "set3classical4": [108000, 4519.183673469385],
    "set3classical5": [114000, 4519.183673469385],
    "set3classical6": [120000, 4519.183673469385],
    "set3classical7": [126000, 4519.183673469399],
    "set3classical8": [132000, 4519.183673469399],
    "set3classical9": [138000, 4519.183673469399],
    "set3classical10": [144000, 4519.183673469399],
    "set3classical11": [150000, 4519.183673469399],
    "set3classical12": [156000, 4519.183673469399],
    "set3classical13": [162000, 4519.183673469399],
    "set3classical14": [168000, 4519.183673469399],
    "classicalBacktrack1": [174000, 62275.918367346945],
    "classicalBacktrack2": [238000, 53394.28571428573],
    "classicalBacktrack3": [293000, 62275.918367346945],
    "set1classical1": [357000, 4519.183673469399],
    "set1classical2": [363000, 4519.183673469399],
    "set1classical3": [369000, 4519.183673469399],
    "set1classical4": [375000, 4519.183673469399],
    "set1classical5": [381000, 4519.183673469399],
    "set1classical6": [387000, 4519.183673469399],
    "set1classical7": [393000, 4519.183673469399],
    "set1classical8": [399000, 4519.183673469399],
    "set1classical9": [405000, 4519.183673469399]
  }
}
