{
  "src": ["rockError.mp3"],
  "sprite": {
    "error1": [0, 2690.612244897959],
    "error2": [4000, 2690.6122448979595]
  }
}
